nph;init_asoc_horiz;mu_agen;survival_scalar1;mu_asoc_vert;init_amat;init_bmat_envt;mu_vc;ncv;init_agen;m;amax;sigmoidal_survival;gmin;laplace;mu_ajuv;sdmu_b;init_hc;mu_hc;init_vp;gmax;bmin;sdmat;sdmu_g;mu_hp;init_vc;qjuv;init_asoc_vert;qmat;init_ajuv;nch;amin;mu_bmat_phen;mu_bmat_envt;p;mu_amat;sdsoc_horiz;sdsoc_vert;bmax;mu_asoc_horiz;init_g;sdmu_a;npv;init_hp;mu_g;nloci_g;seed;survival_scalar0;init_bmat_phen;mu_vp;generation;mean_phen_ad;mean_phen_juv;mean_phen_prestige_vert;mean_phen_prestige_horiz;mean_agen;mean_ajuv;mean_amat;mean_asoc_vert;mean_asoc_horiz;mean_bmat_phen;mean_bmat_envt;mean_hc;mean_hp;mean_vc;mean_vp;mean_g;var_phen_ad;var_phen_juv;var_phen_prestige_vert;var_phen_prestige_horiz;var_agen;var_ajuv;var_amat;var_asoc_vert;var_asoc_horiz;var_bmat_phen;var_bmat_envt;var_hc;var_hp;var_vc;var_vp;var_g;freq_high;mean_surv0;mean_surv1;var_surv0;var_surv1;var_component_gen;var_component_ajuv;var_component_amat;var_component_amat_envt;var_component_amat_phen;cov_amat_ajuv;cov_amat_envt_ajuv;cov_amat_phen_ajuv;var_component_asoc_vert;var_component_asoc_vert_p;var_component_asoc_vert_c;var_component_asoc_horiz;var_component_asoc_horiz_p;var_component_asoc_horiz_c;cov_amat_asoc_vert;cov_amat_asoc_vert_c;cov_amat_asoc_vert_p;cov_amat_asoc_horiz;cov_amat_asoc_horiz_c;cov_amat_asoc_horiz_p;cov_amat_envt_asoc_vert;cov_amat_envt_asoc_vert_c;cov_amat_envt_asoc_vert_p;cov_amat_envt_asoc_horiz;cov_amat_envt_asoc_horiz_c;cov_amat_envt_asoc_horiz_p;cov_amat_phen_asoc_vert;cov_amat_phen_asoc_vert_c;cov_amat_phen_asoc_vert_p;cov_amat_phen_asoc_horiz;cov_amat_phen_asoc_horiz_c;cov_amat_phen_asoc_horiz_p;cov_ajuv_asoc_vert;cov_ajuv_asoc_vert_c;cov_ajuv_asoc_vert_p;cov_ajuv_asoc_horiz;cov_ajuv_asoc_horiz_c;cov_ajuv_asoc_horiz_p;cov_agen_asoc_vert;cov_agen_asoc_vert_c;cov_agen_asoc_vert_p;cov_agen_asoc_horiz;cov_agen_asoc_horiz_c;cov_agen_asoc_horiz_p;cov_agen_ajuv;file
0;0;0.01;0;0;0;0;0;0;0;0.1;8;0;-1;1;0.01;0.25;0;0;0;1;-10;0.05;0.25;0;0;0.9;0;0.6;0;0;0;0.01;0.01;0.9;0.01;1;1;10;0;0;0.02;0;0;0.01;3;105142374;0.8;0;0;75000;0.51936;0.51936;0;0;0.730963;1.84684;0.979003;0;0;8.65929;0.31406;0;0;0;0;-1.86584;0.0734369;0.0734369;0;0;0.00478882;0.010849;39999;0;0;0.512198;0.573931;0;0;0;0;0.220899;0.495;0.8589;0.867706;0.0303002;0.0291788;0.136552;0.85908;0.153795;0.0379588;0.157959;0.0442978;0.0028323;0.046449;0;0;0;0;0;0;0;0;0;0;0;0;0;0;0;0;0;0;0;0;0;0;0;0;0;0;0;0;0;0;0;0;0;0;0;0;0.0139887;./sim_cue_integration_27_10_2019_092320_155094179
0;0;0.01;0;0;0;0;0;0;0;0.1;8;0;-1;1;0.01;0.25;0;0;0;1;-10;0.05;0.25;0;0;0.7;0;0.8;0;0;0;0.01;0.01;0.9;0.01;1;1;10;0;0;0.02;0;0;0.01;3;101209800;0.8;0;0;75000;0.522999;0.522999;0;0;0.677806;0.925748;1.62447;0;0;8.72552;1.52657;0;0;0;0;-1.78712;0.0527184;0.0527184;0;0;0.00525059;0.00969034;39997.4;0;0;0.629694;0.368504;0;0;0;0;0.277761;0.515;0.830575;0.857733;0.0258444;0.0203671;0.149777;0.219926;0.420809;0.283933;0.329495;0.116192;0.0722066;0.0929979;0;0;0;0;0;0;0;0;0;0;0;0;0;0;0;0;0;0;0;0;0;0;0;0;0;0;0;0;0;0;0;0;0;0;0;0;0.0291222;./sim_cue_integration_27_10_2019_092320_112048550
0;0;0.01;0;0;0;0;0;0;0;0.1;8;0;-1;1;0.01;0.25;0;0;0;1;-10;0.05;0.25;0;0;0.5;0;1;0;0;0;0.01;0.01;0.9;0.01;1;1;10;0;0;0.02;0;0;0.01;3;92875101;0.8;0;0;75000;0.506657;0.506657;0;0;0.572228;0.102295;1.88954;0;0;-2.35584;6.9482;0;0;0;0;-1.68242;0.052817;0.052817;0;0;0.00565401;0.00318378;39996.4;0;0;6.86819;1.75552;0;0;0;0;0.276734;0.53;0.860531;0.873152;0.0216658;0.0194743;0.109329;0.0042321;0.822138;0.897791;0.120937;0.0353605;0.0368596;-0.00686375;0;0;0;0;0;0;0;0;0;0;0;0;0;0;0;0;0;0;0;0;0;0;0;0;0;0;0;0;0;0;0;0;0;0;0;0;0.00277858;./sim_cue_integration_27_10_2019_092320_117831872
0;0;0.01;0;0;0;0;0;0;0;0.1;8;0;-1;1;0.01;0.25;0;0;0;1;-10;0.05;0.25;0;0;0.7;0;0.8;0;0;0;0.01;0.01;0.9;0.01;1;1;10;0;0;0.02;0;0;0.01;3;92873033;0.8;0;0;75000;0.506879;0.506879;0;0;0.682865;0.896475;1.70235;0;0;8.87186;1.44844;0;0;0;0;-1.87693;0.0522211;0.0522211;0;0;0.00495164;0.00722313;39997.1;0;0;0.411836;0.33215;0;0;0;0;0.246056;0.4875;0.837431;0.845321;0.025327;0.0224601;0.137405;0.205204;0.443638;0.288353;0.368588;0.113689;0.0588679;0.096833;0;0;0;0;0;0;0;0;0;0;0;0;0;0;0;0;0;0;0;0;0;0;0;0;0;0;0;0;0;0;0;0;0;0;0;0;0.0296648;./sim_cue_integration_27_10_2019_092320_118173664
0;0;0.01;0;0;0;0;0;0;0;0.1;8;0;-1;1;0.01;0.25;0;0;0;1;-10;0.05;0.25;0;0;0.9;0;0.6;0;0;0;0.01;0.01;0.9;0.01;1;1;10;0;0;0.02;0;0;0.01;3;95218078;0.8;0;0;75000;0.518359;0.518359;0;0;0.749395;1.85945;0.98938;0;0;8.70654;0.334104;0;0;0;0;-1.86427;0.0744066;0.0744066;0;0;0.00423087;0.00974263;39999;0;0;0.613638;0.498031;0;0;0;0;0.217257;0.5575;0.874888;0.867467;0.0256738;0.0279155;0.138035;0.866294;0.15533;0.0353984;0.159775;0.0511386;0.00343509;0.0523033;0;0;0;0;0;0;0;0;0;0;0;0;0;0;0;0;0;0;0;0;0;0;0;0;0;0;0;0;0;0;0;0;0;0;0;0;0.00790355;./sim_cue_integration_27_10_2019_092320_119922537
0;0;0.01;0;0;0;0;0;0;0;0.2;8;0;-1;1;0.01;0.25;0;0;0;1;-10;0.05;0.25;0;0;0.9;0;0.6;0;0;0;0.01;0.01;0.9;0.01;1;1;10;0;0;0.02;0;0;0.01;3;109323803;0.8;0;0;75000;0.508755;0.508755;0;0;0.655664;1.73189;0.760078;0;0;8.72358;0.497872;0;0;0;0;-1.86473;0.0635725;0.0635725;0;0;0.00561689;0.00736605;39999.4;0;0;0.651845;0.727859;0;0;0;0;0.215469;0.5075;0.862595;0.866719;0.024394;0.0238207;0.114963;0.75272;0.0872368;0.0299878;0.0890478;0.0259963;0.00405585;0.026315;0;0;0;0;0;0;0;0;0;0;0;0;0;0;0;0;0;0;0;0;0;0;0;0;0;0;0;0;0;0;0;0;0;0;0;0;0.011341;./sim_cue_integration_27_10_2019_092320_120668104
0;0;0.01;0;0;0;0;0;0;0;0.1;8;0;-1;1;0.01;0.25;0;0;0;1;-10;0.05;0.25;0;0;0.7;0;0.8;0;0;0;0.01;0.01;0.9;0.01;1;1;10;0;0;0.02;0;0;0.01;3;93543274;0.8;0;0;75000;0.520904;0.520904;0;0;0.674385;0.921946;1.62959;0;0;8.79191;1.40668;0;0;0;0;-1.81933;0.0504353;0.0504353;0;0;0.00463625;0.0148422;39997.3;0;0;0.512626;0.315351;0;0;0;0;0.267994;0.53;0.830437;0.85303;0.0249496;0.0196733;0.141211;0.220937;0.404248;0.256327;0.323621;0.0875786;0.0400293;0.0807857;0;0;0;0;0;0;0;0;0;0;0;0;0;0;0;0;0;0;0;0;0;0;0;0;0;0;0;0;0;0;0;0;0;0;0;0;0.0267706;./sim_cue_integration_27_10_2019_092320_125700056
0;0;0.01;0;0;0;0;0;0;0;0.1;8;0;-1;1;0.01;0.25;0;0;0;1;-10;0.05;0.25;0;0;0.7;0;0.8;0;0;0;0.01;0.01;0.9;0.01;1;1;10;0;0;0.02;0;0;0.01;3;102250967;0.8;0;0;75000;0.504154;0.504154;0;0;0.667168;0.833791;1.67264;0;0;8.67974;1.47221;0;0;0;0;-1.83167;0.048354;0.048354;0;0;0.00452743;0.00777121;39997.2;0;0;0.519284;0.362282;0;0;0;0;0.237376;0.49;0.832032;0.846936;0.0234589;0.0200032;0.124817;0.178982;0.422309;0.282856;0.330056;0.0935266;0.0579604;0.0709767;0;0;0;0;0;0;0;0;0;0;0;0;0;0;0;0;0;0;0;0;0;0;0;0;0;0;0;0;0;0;0;0;0;0;0;0;0.0225209;./sim_cue_integration_27_10_2019_092320_126289493
0;0;0.01;0;0;0;0;0;0;0;0.1;8;0;-1;1;0.01;0.25;0;0;0;1;-10;0.05;0.25;0;0;0.7;0;0.8;0;0;0;0.01;0.01;0.9;0.01;1;1;10;0;0;0.02;0;0;0.01;3;102929217;0.8;0;0;75000;0.493248;0.493248;0;0;0.686112;0.891319;1.61608;0;0;8.77586;1.48557;0;0;0;0;-1.81177;0.051548;0.051548;0;0;0.0062368;0.0110277;39997.4;0;0;0.571147;0.319769;0;0;0;0;0.273094;0.49;0.846197;0.84347;0.022647;0.0226866;0.153522;0.204765;0.407579;0.271564;0.32589;0.101368;0.0661123;0.0773631;0;0;0;0;0;0;0;0;0;0;0;0;0;0;0;0;0;0;0;0;0;0;0;0;0;0;0;0;0;0;0;0;0;0;0;0;0.02321;./sim_cue_integration_27_10_2019_092320_126914574
0;0;0.01;0;0;0;0;0;0;0;0.1;8;0;-1;1;0.01;0.25;0;0;0;1;-10;0.05;0.25;0;0;0.5;0;1;0;0;0;0.01;0.01;0.9;0.01;1;1;10;0;0;0.02;0;0;0.01;3;95997802;0.8;0;0;75000;0.528421;0.528421;0;0;0.527734;0.0996553;1.89127;0;0;-3.4109;7.84492;0;0;0;0;-1.7423;0.0524614;0.0524614;0;0;0.00638182;0.00343895;39996.4;0;0;4.45956;1.64477;0;0;0;0;0.26863;0.4925;0.835389;0.882125;0.026729;0.0177708;0.0972061;0.00432386;0.834619;0.912471;0.155507;0.0335848;0.0350131;-0.00928797;0;0;0;0;0;0;0;0;0;0;0;0;0;0;0;0;0;0;0;0;0;0;0;0;0;0;0;0;0;0;0;0;0;0;0;0;0.00255359;./sim_cue_integration_27_10_2019_092320_127420612
0;0;0.01;0;0;0;0;0;0;0;0.1;8;0;-1;1;0.01;0.25;0;0;0;1;-10;0.05;0.25;0;0;0.5;0;1;0;0;0;0.01;0.01;0.9;0.01;1;1;10;0;0;0.02;0;0;0.01;3;108069177;0.8;0;0;75000;0.500596;0.500596;0;0;0.55633;0.0707405;1.89504;0;0;2.56747;7.94987;0;0;0;0;-1.76536;0.0527434;0.0527434;0;0;0.00561513;0.00206816;39996.4;0;0;5.98425;1.54001;0;0;0;0;0.258017;0.435;0.854266;0.86415;0.0238448;0.0214125;0.100123;0.00223212;0.838971;0.913044;0.126175;0.0231699;0.0241045;0.00510898;0;0;0;0;0;0;0;0;0;0;0;0;0;0;0;0;0;0;0;0;0;0;0;0;0;0;0;0;0;0;0;0;0;0;0;0;0.00156338;./sim_cue_integration_27_10_2019_092320_133777578
0;0;0.01;0;0;0;0;0;0;0;0.1;8;0;-1;1;0.01;0.25;0;0;0;1;-10;0.05;0.25;0;0;0.9;0;0.6;0;0;0;0.01;0.01;0.9;0.01;1;1;10;0;0;0.02;0;0;0.01;3;109608779;0.8;0;0;75000;0.49374;0.49374;0;0;0.71383;1.8896;0.909414;0;0;8.97402;0.337911;0;0;0;0;-1.91883;0.0750965;0.0750965;0;0;0.00485609;0.010722;39999.2;0;0;0.46998;0.753905;0;0;0;0;0.231513;0.4725;0.867185;0.871475;0.0291733;0.0283027;0.137983;0.897761;0.134819;0.0382598;0.141868;0.0458296;0.000314563;0.0485812;0;0;0;0;0;0;0;0;0;0;0;0;0;0;0;0;0;0;0;0;0;0;0;0;0;0;0;0;0;0;0;0;0;0;0;0;0.0139946;./sim_cue_integration_27_10_2019_092320_135005677
0;0;0.01;0;0;0;0;0;0;0;0.2;8;0;-1;1;0.01;0.25;0;0;0;1;-10;0.05;0.25;0;0;0.7;0;0.8;0;0;0;0.01;0.01;0.9;0.01;1;1;10;0;0;0.02;0;0;0.01;3;124428555;0.8;0;0;75000;0.499551;0.499551;0;0;0.635818;0.797438;1.46444;0;0;8.64863;1.54097;0;0;0;0;-1.73375;0.04159;0.04159;0;0;0.00517011;0.00683556;39997.9;0;0;0.617913;0.319455;0;0;0;0;0.290345;0.4975;0.827981;0.831871;0.0208138;0.0203932;0.136839;0.162831;0.309788;0.228194;0.230045;0.0615399;0.0319848;0.0518176;0;0;0;0;0;0;0;0;0;0;0;0;0;0;0;0;0;0;0;0;0;0;0;0;0;0;0;0;0;0;0;0;0;0;0;0;0.0196832;./sim_cue_integration_27_10_2019_092320_135327047
0;0;0.01;0;0;0;0;0;0;0;0.2;8;0;-1;1;0.01;0.25;0;0;0;1;-10;0.05;0.25;0;0;0.9;0;0.6;0;0;0;0.01;0.01;0.9;0.01;1;1;10;0;0;0.02;0;0;0.01;3;124846394;0.8;0;0;75000;0.512846;0.512846;0;0;0.664946;1.71754;0.737815;0;0;8.99089;0.333423;0;0;0;0;-1.79065;0.0621104;0.0621104;0;0;0.00453805;0.0116585;39999.5;0;0;0.46958;0.723577;0;0;0;0;0.223457;0.4925;0.861017;0.857546;0.0247901;0.0259832;0.115528;0.73882;0.0834587;0.024506;0.0858263;0.0164185;0.00472336;0.015778;0;0;0;0;0;0;0;0;0;0;0;0;0;0;0;0;0;0;0;0;0;0;0;0;0;0;0;0;0;0;0;0;0;0;0;0;0.00399605;./sim_cue_integration_27_10_2019_092320_135822089
0;0;0.01;0;0;0;0;0;0;0;0.2;8;0;-1;1;0.01;0.25;0;0;0;1;-10;0.05;0.25;0;0;0.7;0;0.8;0;0;0;0.01;0.01;0.9;0.01;1;1;10;0;0;0.02;0;0;0.01;3;124016478;0.8;0;0;75000;0.504054;0.504054;0;0;0.60562;0.821359;1.3593;0;0;8.67302;1.7737;0;0;0;0;-1.78079;0.0401121;0.0401121;0;0;0.00659544;0.0121452;39998.2;0;0;0.988168;0.358127;0;0;0;0;0.269711;0.4975;0.832287;0.830812;0.0199597;0.0192779;0.123762;0.175819;0.284678;0.233006;0.19488;0.0589678;0.0407515;0.0437076;0;0;0;0;0;0;0;0;0;0;0;0;0;0;0;0;0;0;0;0;0;0;0;0;0;0;0;0;0;0;0;0;0;0;0;0;0.0175418;./sim_cue_integration_27_10_2019_092320_135935229
0;0;0.01;0;0;0;0;0;0;0;0.1;8;0;-1;1;0.01;0.25;0;0;0;1;-10;0.05;0.25;0;0;0.9;0;0.6;0;0;0;0.01;0.01;0.9;0.01;1;1;10;0;0;0.02;0;0;0.01;3;106716068;0.8;0;0;75000;0.492618;0.492618;0;0;0.721211;1.86412;0.979986;0;0;8.80408;0.370865;0;0;0;0;-1.92889;0.0741575;0.0741575;0;0;0.00473851;0.0130447;39999;0;0;0.464272;0.607951;0;0;0;0;0.209997;0.465;0.867573;0.866125;0.0287749;0.0302077;0.129445;0.87711;0.157567;0.0408617;0.163785;0.0443023;0.00363814;0.045021;0;0;0;0;0;0;0;0;0;0;0;0;0;0;0;0;0;0;0;0;0;0;0;0;0;0;0;0;0;0;0;0;0;0;0;0;0.00349158;./sim_cue_integration_27_10_2019_092320_138370177
0;0;0.01;0;0;0;0;0;0;0;0.1;8;0;-1;1;0.01;0.25;0;0;0;1;-10;0.05;0.25;0;0;0.5;0;1;0;0;0;0.01;0.01;0.9;0.01;1;1;10;0;0;0.02;0;0;0.01;3;108514839;0.8;0;0;75000;0.530559;0.530559;0;0;0.554246;0.0970166;1.92011;0;0;-1.1847;8.08804;0;0;0;0;-1.76717;0.0527937;0.0527937;0;0;0.00484828;0.00326893;39996.3;0;0;26.0192;1.94677;0;0;0;0;0.255324;0.5275;0.846322;0.87184;0.0255865;0.0201429;0.0959908;0.00415429;0.844979;0.923678;0.22299;0.033232;0.0346419;-0.00263968;0;0;0;0;0;0;0;0;0;0;0;0;0;0;0;0;0;0;0;0;0;0;0;0;0;0;0;0;0;0;0;0;0;0;0;0;0.00212433;./sim_cue_integration_27_10_2019_092320_139665271
0;0;0.01;0;0;0;0;0;0;0;0.1;8;0;-1;1;0.01;0.25;0;0;0;1;-10;0.05;0.25;0;0;0.5;0;1;0;0;0;0.01;0.01;0.9;0.01;1;1;10;0;0;0.02;0;0;0.01;3;93026345;0.8;0;0;75000;0.503614;0.503614;0;0;0.539018;0.0743266;1.9032;0;0;3.76418;7.03881;0;0;0;0;-1.75536;0.0527923;0.0527923;0;0;0.00537127;0.00221171;39996.4;0;0;7.73307;1.52222;0;0;0;0;0.264129;0.5125;0.847642;0.851726;0.0246356;0.0245122;0.0952739;0.00252295;0.841862;0.915107;0.197767;0.0221162;0.0230074;0.0070645;0;0;0;0;0;0;0;0;0;0;0;0;0;0;0;0;0;0;0;0;0;0;0;0;0;0;0;0;0;0;0;0;0;0;0;0;0.00187043;./sim_cue_integration_27_10_2019_092320_141306628
0;0;0.01;0;0;0;0;0;0;0;0.2;8;0;-1;1;0.01;0.25;0;0;0;1;-10;0.05;0.25;0;0;0.5;0;1;0;0;0;0.01;0.01;0.9;0.01;1;1;10;0;0;0.02;0;0;0.01;3;129274424;0.8;0;0;75000;0.505514;0.505514;0;0;0.496725;0.0808658;1.76111;0;0;-3.06554;7.50142;0;0;0;0;-1.78226;0.0451892;0.0451892;0;0;0.00353423;0.00254661;39996.9;0;0;7.40325;2.50935;0;0;0;0;0.257066;0.5075;0.851217;0.856038;0.0204945;0.0200927;0.0764474;0.00293438;0.714801;0.78145;0.122676;0.0233688;0.0243895;-0.00512875;0;0;0;0;0;0;0;0;0;0;0;0;0;0;0;0;0;0;0;0;0;0;0;0;0;0;0;0;0;0;0;0;0;0;0;0;0.00128472;./sim_cue_integration_27_10_2019_092320_140237083
0;0;0.01;0;0;0;0;0;0;0;0.2;8;0;-1;1;0.01;0.25;0;0;0;1;-10;0.05;0.25;0;0;0.5;0;1;0;0;0;0.01;0.01;0.9;0.01;1;1;10;0;0;0.02;0;0;0.01;3;134828289;0.8;0;0;75000;0.491415;0.491415;0;0;0.512176;0.0811836;1.75416;0;0;0.0282606;7.84161;0;0;0;0;-1.71398;0.0454602;0.0454602;0;0;0.00513921;0.00245247;39996.9;0;0;11.41;1.67839;0;0;0;0;0.265666;0.4925;0.846717;0.844735;0.021407;0.0223122;0.0870318;0.00286515;0.712688;0.777346;0.0928388;0.0212264;0.0221069;0.00018149;0;0;0;0;0;0;0;0;0;0;0;0;0;0;0;0;0;0;0;0;0;0;0;0;0;0;0;0;0;0;0;0;0;0;0;0;0.00140694;./sim_cue_integration_27_10_2019_092320_147496092
0;0;0.01;0;0;0;0;0;0;0;0.2;8;0;-1;1;0.01;0.25;0;0;0;1;-10;0.05;0.25;0;0;0.7;0;0.8;0;0;0;0.01;0.01;0.9;0.01;1;1;10;0;0;0.02;0;0;0.01;3;136888281;0.8;0;0;75000;0.522017;0.522017;0;0;0.527951;0.806182;0.841003;0;0;-4.35132;6.92499;0;0;0;0;-1.50167;0.0314157;0.0314157;0;0;0.0122531;0.0113429;39999.3;0;0;3.8103;2.29005;0;0;0;0;0.388399;0.525;0.813721;0.839329;0.0170705;0.014128;0.143842;0.167716;0.167081;0.182201;0.0281682;0.0440106;0.0460005;-0.0138149;0;0;0;0;0;0;0;0;0;0;0;0;0;0;0;0;0;0;0;0;0;0;0;0;0;0;0;0;0;0;0;0;0;0;0;0;0.0177203;./sim_cue_integration_27_10_2019_092320_148194578
0;0;0.01;0;0;0;0;0;0;0;0.2;8;0;-1;1;0.01;0.25;0;0;0;1;-10;0.05;0.25;0;0;0.5;0;1;0;0;0;0.01;0.01;0.9;0.01;1;1;10;0;0;0.02;0;0;0.01;3;135707128;0.8;0;0;75000;0.516307;0.516307;0;0;0.522229;0.0960249;1.79695;0;0;3.25617;7.64702;0;0;0;0;-1.73223;0.0481329;0.0481329;0;0;0.00527853;0.00324593;39996.8;0;0;9.70674;1.35633;0;0;0;0;0.275109;0.5075;0.83528;0.850564;0.0248902;0.021879;0.0924497;0.00395361;0.752107;0.819067;0.155423;0.0267532;0.0278615;0.00610675;0;0;0;0;0;0;0;0;0;0;0;0;0;0;0;0;0;0;0;0;0;0;0;0;0;0;0;0;0;0;0;0;0;0;0;0;0.00192073;./sim_cue_integration_27_10_2019_092320_148204574
0;0;0.01;0;0;0;0;0;0;0;0.2;8;0;-1;1;0.01;0.25;0;0;0;1;-10;0.05;0.25;0;0;0.9;0;0.6;0;0;0;0.01;0.01;0.9;0.01;1;1;10;0;0;0.02;0;0;0.01;3;137429292;0.8;0;0;75000;0.540303;0.540303;0;0;0.642721;1.69922;0.822019;0;0;8.731;0.374508;0;0;0;0;-1.89705;0.0613676;0.0613676;0;0;0.00502681;0.0106729;39999.3;0;0;0.569363;0.389249;0;0;0;0;0.215946;0.5625;0.835195;0.867311;0.0309242;0.0238647;0.109697;0.728785;0.0988937;0.0227438;0.101288;0.0124444;0.00225211;0.0117331;0;0;0;0;0;0;0;0;0;0;0;0;0;0;0;0;0;0;0;0;0;0;0;0;0;0;0;0;0;0;0;0;0;0;0;0;0.00651208;./sim_cue_integration_27_10_2019_092320_148421808
0;0;0.01;0;0;0;0;0;0;0;0.1;8;0;-1;1;0.01;0.25;0;0;0;1;-10;0.05;0.25;0;0;0.8;0;0.7;0;0;0;0.01;0.01;0.9;0.01;1;1;10;0;0;0.02;0;0;0.01;3;136990139;0.8;0;0;75000;0.49405;0.49405;0;0;0.740081;1.36505;1.453;0;0;8.97983;0.788843;0;0;0;0;-1.89208;0.0620723;0.0620723;0;0;0.00404852;0.010321;39997.9;0;0;0.583966;0.430159;0;0;0;0;0.217858;0.5075;0.853155;0.855868;0.0251531;0.0246758;0.13648;0.468556;0.315755;0.107673;0.296758;0.11775;0.0362809;0.107995;0;0;0;0;0;0;0;0;0;0;0;0;0;0;0;0;0;0;0;0;0;0;0;0;0;0;0;0;0;0;0;0;0;0;0;0;0.0310666;./sim_cue_integration_27_10_2019_092320_153321998
0;0;0.01;0;0;0;0;0;0;0;0.1;8;0;-1;1;0.01;0.25;0;0;0;1;-10;0.05;0.25;0;0;1;0;0.5;0;0;0;0.01;0.01;0.9;0.01;1;1;10;0;0;0.02;0;0;0.01;3;137586021;0.8;0;0;75000;0.496494;0.496494;0;0;0.684202;2.64377;0.0848081;0;0;5.00577;-0.393942;0;0;0;0;-1.94556;0.0887743;0.0887743;0;0;0.0049085;0.0113704;40000;0;0;5.58929;10.9016;0;0;0;0;0.200614;0.49;0.904035;0.915374;0.0246872;0.0215306;0.114593;1.7439;0.00242095;0.00239398;0.00189971;-0.000883611;-0.000170649;-0.00175136;0;0;0;0;0;0;0;0;0;0;0;0;0;0;0;0;0;0;0;0;0;0;0;0;0;0;0;0;0;0;0;0;0;0;0;0;0.000485671;./sim_cue_integration_27_10_2019_092320_153491409
0;0;0.01;0;0;0;0;0;0;0;0.1;8;0;-1;1;0.01;0.25;0;0;0;1;-10;0.05;0.25;0;0;0.9;0;0.6;0;0;0;0.01;0.01;0.9;0.01;1;1;10;0;0;0.02;0;0;0.01;3;102085108;0.8;0;0;75000;0.515294;0.515294;0;0;0.718868;1.83399;1.01661;0;0;8.47985;0.350647;0;0;0;0;-1.91853;0.0740564;0.0740564;0;0;0.00396223;0.0093317;39999;0;0;0.587221;0.577482;0;0;0;0;0.201242;0.51;0.878015;0.874335;0.0236551;0.0273672;0.120269;0.845551;0.157988;0.0404339;0.163802;0.0431547;0.0047182;0.0440642;0;0;0;0;0;0;0;0;0;0;0;0;0;0;0;0;0;0;0;0;0;0;0;0;0;0;0;0;0;0;0;0;0;0;0;0;0.00527508;./sim_cue_integration_27_10_2019_092320_152080741
0;0;0.01;0;0;0;0;0;0;0;0.1;8;0;-1;1;0.01;0.25;0;0;0;1;-10;0.05;0.25;0;0;0.8;0;0.7;0;0;0;0.01;0.01;0.9;0.01;1;1;10;0;0;0.02;0;0;0.01;3;139404312;0.8;0;0;75000;0.509675;0.509675;0;0;0.708866;1.33268;1.41169;0;0;8.90509;0.779179;0;0;0;0;-1.90422;0.0580442;0.0580442;0;0;0.00488184;0.0114322;39998;0;0;0.439019;0.352261;0;0;0;0;0.221926;0.47;0.844568;0.848242;0.0259114;0.0252004;0.131959;0.451144;0.279917;0.096859;0.266439;0.070461;0.0114813;0.0708453;0;0;0;0;0;0;0;0;0;0;0;0;0;0;0;0;0;0;0;0;0;0;0;0;0;0;0;0;0;0;0;0;0;0;0;0;0.0183911;./sim_cue_integration_27_10_2019_092320_155420107
0;0;0.01;0;0;0;0;0;0;0;0.2;8;0;-1;1;0.01;0.25;0;0;0;1;-10;0.05;0.25;0;0;0.7;0;0.8;0;0;0;0.01;0.01;0.9;0.01;1;1;10;0;0;0.02;0;0;0.01;3;140989171;0.8;0;0;75000;0.506004;0.506004;0;0;0.631966;0.778969;1.4845;0;0;8.79391;1.70567;0;0;0;0;-1.73116;0.0430154;0.0430154;0;0;0.00630411;0.0143557;39997.8;0;0;0.423729;0.430508;0;0;0;0;0.278919;0.46;0.820169;0.843085;0.0215868;0.0187022;0.134231;0.158834;0.33753;0.264909;0.24153;0.0741757;0.0562685;0.050049;0;0;0;0;0;0;0;0;0;0;0;0;0;0;0;0;0;0;0;0;0;0;0;0;0;0;0;0;0;0;0;0;0;0;0;0;0.0158567;./sim_cue_integration_27_10_2019_092320_153425999
0;0;0.01;0;0;0;0;0;0;0;0.1;8;0;-1;1;0.01;0.25;0;0;0;1;-10;0.05;0.25;0;0;1;0;0.5;0;0;0;0.01;0.01;0.9;0.01;1;1;10;0;0;0.02;0;0;0.01;3;147932014;0.8;0;0;75000;0.498141;0.498141;0;0;0.697698;2.66764;0.115406;0;0;0.914288;0.633893;0;0;0;0;-1.93288;0.0902573;0.0902573;0;0;0.00487041;0.0084203;40000;0;0;16.1329;8.43022;0;0;0;0;0.21339;0.4675;0.892243;0.905089;0.0285917;0.0254366;0.123994;1.77603;0.00403435;0.0040068;0.0024887;-0.000737185;-0.000292763;-0.000697897;0;0;0;0;0;0;0;0;0;0;0;0;0;0;0;0;0;0;0;0;0;0;0;0;0;0;0;0;0;0;0;0;0;0;0;0;4.2334e-05;./sim_cue_integration_27_10_2019_092320_158924538
0;0;0.01;0;0;0;0;0;0;0;0.2;8;0;-1;1;0.01;0.25;0;0;0;1;-10;0.05;0.25;0;0;0.5;0;1;0;0;0;0.01;0.01;0.9;0.01;1;1;10;0;0;0.02;0;0;0.01;3;129186218;0.8;0;0;75000;0.504215;0.504215;0;0;0.547234;0.0947043;1.79726;0;0;2.18169;6.27177;0;0;0;0;-1.70398;0.0479764;0.0479764;0;0;0.00404962;0.00292767;39996.8;0;0;12.2773;2.07112;0;0;0;0;0.276245;0.47;0.848345;0.851346;0.0226082;0.0215604;0.0960441;0.00376019;0.747807;0.8099;0.135301;0.0264603;0.0274376;0.00440166;0;0;0;0;0;0;0;0;0;0;0;0;0;0;0;0;0;0;0;0;0;0;0;0;0;0;0;0;0;0;0;0;0;0;0;0;0.00185747;./sim_cue_integration_27_10_2019_092320_153707703
0;0;0.01;0;0;0;0;0;0;0;0.1;8;0;-1;1;0.01;0.25;0;0;0;1;-10;0.05;0.25;0;0;0.6;0;0.9;0;0;0;0.01;0.01;0.9;0.01;1;1;10;0;0;0.02;0;0;0.01;3;152485354;0.8;0;0;75000;0.526952;0.526952;0;0;0.605121;0.438206;1.64087;0;0;8.75659;2.5291;0;0;0;0;-1.65028;0.0442664;0.0442664;0;0;0.00694174;0.0131155;39997.3;0;0;0.546846;0.581263;0;0;0;0;0.325335;0.5175;0.832362;0.85765;0.0215256;0.0179375;0.142777;0.0557829;0.49775;0.467615;0.313671;0.0784617;0.0697577;0.0517398;0;0;0;0;0;0;0;0;0;0;0;0;0;0;0;0;0;0;0;0;0;0;0;0;0;0;0;0;0;0;0;0;0;0;0;0;0.0159468;./sim_cue_integration_27_10_2019_092320_172378913
0;0;0.01;0;0;0;0;0;0;0;0.2;8;0;-1;1;0.01;0.25;0;0;0;1;-10;0.05;0.25;0;0;0.5;0;1;0;0;0;0.01;0.01;0.9;0.01;1;1;10;0;0;0.02;0;0;0.01;3;141564366;0.8;0;0;75000;0.516868;0.516868;0;0;0.532161;0.082125;1.8058;0;0;2.57671;6.85446;0;0;0;0;-1.71277;0.0483616;0.0483616;0;0;0.00384387;0.00271855;39996.7;0;0;6.89413;1.80849;0;0;0;0;0.299884;0.505;0.838828;0.847555;0.0244708;0.0228836;0.0983571;0.00312757;0.762868;0.828886;0.119385;0.0227655;0.0236566;0.00454568;0;0;0;0;0;0;0;0;0;0;0;0;0;0;0;0;0;0;0;0;0;0;0;0;0;0;0;0;0;0;0;0;0;0;0;0;0.00151663;./sim_cue_integration_27_10_2019_092320_153948634
0;0;0.01;0;0;0;0;0;0;0;0.1;8;0;-1;1;0.01;0.25;0;0;0;1;-10;0.05;0.25;0;0;1;0;0.5;0;0;0;0.01;0.01;0.9;0.01;1;1;10;0;0;0.02;0;0;0.01;3;153407402;0.8;0;0;75000;0.502629;0.502629;0;0;0.706776;2.67859;0.0947853;0;0;5.87483;0.724272;0;0;0;0;-1.89917;0.0912837;0.0912837;0;0;0.00429866;0.0101145;40000;0;0;4.19909;6.2206;0;0;0;0;0.215244;0.5125;0.879544;0.905178;0.0337676;0.0261436;0.124579;1.79682;0.00249052;0.00223463;0.00232683;-0.00283772;0.000100002;-0.00512245;0;0;0;0;0;0;0;0;0;0;0;0;0;0;0;0;0;0;0;0;0;0;0;0;0;0;0;0;0;0;0;0;0;0;0;0;-0.00977728;./sim_cue_integration_27_10_2019_092320_166218335
0;0;0.01;0;0;0;0;0;0;0;0.2;8;0;-1;1;0.01;0.25;0;0;0;1;-10;0.05;0.25;0;0;1;0;0.5;0;0;0;0.01;0.01;0.9;0.01;1;1;10;0;0;0.02;0;0;0.01;3;155576352;0.8;0;0;75000;0.517795;0.517795;0;0;0.654934;2.43995;0.10502;0;0;4.52095;-2.62576;0;0;0;0;-1.89258;0.0799284;0.0799284;0;0;0.00580186;0.0100112;40000;0;0;4.22586;4.48538;0;0;0;0;0.2178;0.52;0.876085;0.868052;0.0307014;0.0329465;0.116532;1.49118;0.00354153;0.00346974;0.00253545;0.00291236;0.00326652;6.36581e-05;0;0;0;0;0;0;0;0;0;0;0;0;0;0;0;0;0;0;0;0;0;0;0;0;0;0;0;0;0;0;0;0;0;0;0;0;0.00429086;./sim_cue_integration_27_10_2019_092320_168182972
0;0;0.01;0;0;0;0;0;0;0;0.2;8;0;-1;1;0.01;0.25;0;0;0;1;-10;0.05;0.25;0;0;0.7;0;0.8;0;0;0;0.01;0.01;0.9;0.01;1;1;10;0;0;0.02;0;0;0.01;3;130339824;0.8;0;0;75000;0.507981;0.507981;0;0;0.643301;0.84008;1.45449;0;0;8.76604;1.66875;0;0;0;0;-1.7677;0.0426562;0.0426562;0;0;0.00397285;0.0121793;39997.9;0;0;0.505931;0.362957;0;0;0;0;0.271761;0.5225;0.831553;0.830398;0.0212329;0.0208968;0.127487;0.183328;0.32529;0.254539;0.240971;0.0589275;0.0451286;0.0380855;0;0;0;0;0;0;0;0;0;0;0;0;0;0;0;0;0;0;0;0;0;0;0;0;0;0;0;0;0;0;0;0;0;0;0;0;0.013646;./sim_cue_integration_27_10_2019_092320_154613328
0;0;0.01;0;0;0;0;0;0;0;0.1;8;0;-1;1;0.01;0.25;0;0;0;1;-10;0.05;0.25;0;0;1;0;0.5;0;0;0;0.01;0.01;0.9;0.01;1;1;10;0;0;0.02;0;0;0.01;3;155801665;0.8;0;0;75000;0.513008;0.513008;0;0;0.711308;2.67991;0.0845747;0;0;4.93018;-5.09213;0;0;0;0;-1.88908;0.0906164;0.0906164;0;0;0.00492913;0.0110019;40000;0;0;11.0336;3.43597;0;0;0;0;0.211247;0.515;0.87346;0.886543;0.0358546;0.0314746;0.126933;1.79724;0.00284283;0.00310358;0.0019036;0.000816794;0.000840651;0.000296691;0;0;0;0;0;0;0;0;0;0;0;0;0;0;0;0;0;0;0;0;0;0;0;0;0;0;0;0;0;0;0;0;0;0;0;0;0.00248742;./sim_cue_integration_27_10_2019_092320_167867983
0;0;0.01;0;0;0;0;0;0;0;0.2;8;0;-1;1;0.01;0.25;0;0;0;1;-10;0.05;0.25;0;0;0.9;0;0.6;0;0;0;0.01;0.01;0.9;0.01;1;1;10;0;0;0.02;0;0;0.01;3;137847233;0.8;0;0;75000;0.508818;0.508818;0;0;0.645338;1.68281;0.793139;0;0;8.73633;0.356868;0;0;0;0;-1.84553;0.0598676;0.0598676;0;0;0.00408358;0.0112996;39999.4;0;0;0.523285;0.579028;0;0;0;0;0.214581;0.53;0.852695;0.845424;0.0259831;0.0277157;0.104823;0.713859;0.091555;0.0261229;0.0937129;0.0166788;-0.0011186;0.0190101;0;0;0;0;0;0;0;0;0;0;0;0;0;0;0;0;0;0;0;0;0;0;0;0;0;0;0;0;0;0;0;0;0;0;0;0;0.00711431;./sim_cue_integration_27_10_2019_092320_163197316
0;0;0.01;0;0;0;0;0;0;0;0.2;8;0;-1;1;0.01;0.25;0;0;0;1;-10;0.05;0.25;0;0;0.8;0;0.7;0;0;0;0.01;0.01;0.9;0.01;1;1;10;0;0;0.02;0;0;0.01;3;158962785;0.8;0;0;75000;0.504543;0.504543;0;0;0.664389;1.21081;1.19575;0;0;8.9283;0.879671;0;0;0;0;-1.77069;0.0468979;0.0468979;0;0;0.00528844;0.00709225;39998.6;0;0;0.468023;0.409342;0;0;0;0;0.238293;0.5125;0.83197;0.835232;0.0225182;0.0229991;0.123758;0.369196;0.191673;0.0824737;0.175883;0.0519006;0.0189089;0.0459736;0;0;0;0;0;0;0;0;0;0;0;0;0;0;0;0;0;0;0;0;0;0;0;0;0;0;0;0;0;0;0;0;0;0;0;0;0.0124804;./sim_cue_integration_27_10_2019_092320_169538045
0;0;0.01;0;0;0;0;0;0;0;0.2;8;0;-1;1;0.01;0.25;0;0;0;1;-10;0.05;0.25;0;0;0.9;0;0.6;0;0;0;0.01;0.01;0.9;0.01;1;1;10;0;0;0.02;0;0;0.01;3;140791709;0.8;0;0;75000;0.525614;0.525614;0;0;0.661954;1.74148;0.764985;0;0;8.84595;0.41418;0;0;0;0;-1.82039;0.0630068;0.0630068;0;0;0.00536247;0.0128399;39999.4;0;0;0.542801;0.52854;0;0;0;0;0.234792;0.5175;0.847496;0.863353;0.0288534;0.0254621;0.122765;0.749271;0.0877636;0.0235079;0.0910943;0.023528;-0.00443027;0.0273246;0;0;0;0;0;0;0;0;0;0;0;0;0;0;0;0;0;0;0;0;0;0;0;0;0;0;0;0;0;0;0;0;0;0;0;0;0.00440808;./sim_cue_integration_27_10_2019_092320_167719292
0;0;0.01;0;0;0;0;0;0;0;0.2;8;0;-1;1;0.01;0.25;0;0;0;1;-10;0.05;0.25;0;0;1;0;0.5;0;0;0;0.01;0.01;0.9;0.01;1;1;10;0;0;0.02;0;0;0.01;3;158746396;0.8;0;0;75000;0.504614;0.504614;0;0;0.640406;2.37045;0.0899189;0;0;7.19741;1.62856;0;0;0;0;-1.83592;0.0760058;0.0760058;0;0;0.00347119;0.0124285;40000;0;0;3.29799;7.05744;0;0;0;0;0.20686;0.495;0.868467;0.875516;0.0307906;0.0293769;0.0979149;1.40637;0.0022114;0.00203263;0.00209331;-0.000627349;-0.000251932;-0.000595399;0;0;0;0;0;0;0;0;0;0;0;0;0;0;0;0;0;0;0;0;0;0;0;0;0;0;0;0;0;0;0;0;0;0;0;0;-0.00910385;./sim_cue_integration_27_10_2019_092320_170279747
0;0;0.01;0;0;0;0;0;0;0;0.1;8;0;-1;1;0.01;0.25;0;0;0;1;-10;0.05;0.25;0;0;1;0;0.5;0;0;0;0.01;0.01;0.9;0.01;1;1;10;0;0;0.02;0;0;0.01;3;158148519;0.8;0;0;75000;0.523309;0.523309;0;0;0.717902;2.69696;0.0897241;0;0;3.07962;5.01447;0;0;0;0;-1.86328;0.0910744;0.0910744;0;0;0.00527534;0.0138276;40000;0;0;10.901;9.66616;0;0;0;0;0.211669;0.515;0.89352;0.897857;0.0289056;0.0285292;0.129357;1.80158;0.00321004;0.00336077;0.00176156;0.00399114;0.00409354;0.000571723;0;0;0;0;0;0;0;0;0;0;0;0;0;0;0;0;0;0;0;0;0;0;0;0;0;0;0;0;0;0;0;0;0;0;0;0;-7.51432e-05;./sim_cue_integration_27_10_2019_092320_169065078
0;0;0.01;0;0;0;0;0;0;0;0.2;8;0;-1;1;0.01;0.25;0;0;0;1;-10;0.05;0.25;0;0;0.6;0;0.9;0;0;0;0.01;0.01;0.9;0.01;1;1;10;0;0;0.02;0;0;0.01;3;159347102;0.8;0;0;75000;0.492434;0.492434;0;0;0.53981;0.284269;1.63433;0;0;8.03976;2.35148;0;0;0;0;-1.74637;0.0393454;0.0393454;0;0;0.00588404;0.00849779;39997.3;0;0;0.984781;0.506099;0;0;0;0;0.304132;0.455;0.833609;0.838535;0.0191552;0.018616;0.11024;0.0248043;0.481563;0.446871;0.272271;0.0447107;0.0409082;0.0241566;0;0;0;0;0;0;0;0;0;0;0;0;0;0;0;0;0;0;0;0;0;0;0;0;0;0;0;0;0;0;0;0;0;0;0;0;0.00662148;./sim_cue_integration_27_10_2019_092320_171754559
0;0;0.01;0;0;0;0;0;0;0;0.1;8;0;-1;1;0.01;0.25;0;0;0;1;-10;0.05;0.25;0;0;0.8;0;0.7;0;0;0;0.01;0.01;0.9;0.01;1;1;10;0;0;0.02;0;0;0.01;3;156656549;0.8;0;0;75000;0.491641;0.491641;0;0;0.723476;1.42594;1.43495;0;0;8.78357;0.825978;0;0;0;0;-1.96703;0.0623878;0.0623878;0;0;0.003976;0.010418;39997.9;0;0;0.513685;0.435666;0;0;0;0;0.206797;0.445;0.846214;0.855431;0.0286453;0.0254905;0.126722;0.513939;0.303636;0.114226;0.289707;0.096502;0.020532;0.0946425;0;0;0;0;0;0;0;0;0;0;0;0;0;0;0;0;0;0;0;0;0;0;0;0;0;0;0;0;0;0;0;0;0;0;0;0;0.0257737;./sim_cue_integration_27_10_2019_092320_169355864
0;0;0.01;0;0;0;0;0;0;0;0.1;8;0;-1;1;0.01;0.25;0;0;0;1;-10;0.05;0.25;0;0;0.6;0;0.9;0;0;0;0.01;0.01;0.9;0.01;1;1;10;0;0;0.02;0;0;0.01;3;156939033;0.8;0;0;75000;0.502048;0.502048;0;0;0.592752;0.381635;1.67563;0;0;8.20888;2.36391;0;0;0;0;-1.72663;0.0432264;0.0432264;0;0;0.0069267;0.00784969;39997.2;0;0;1.07223;0.534307;0;0;0;0;0.297357;0.5025;0.841545;0.844338;0.0199609;0.0190103;0.130158;0.0405165;0.509809;0.471507;0.307349;0.0687258;0.0617409;0.0404612;0;0;0;0;0;0;0;0;0;0;0;0;0;0;0;0;0;0;0;0;0;0;0;0;0;0;0;0;0;0;0;0;0;0;0;0;0.0122173;./sim_cue_integration_27_10_2019_092320_169391543
0;0;0.01;0;0;0;0;0;0;0;0.2;8;0;-1;1;0.01;0.25;0;0;0;1;-10;0.05;0.25;0;0;0.8;0;0.7;0;0;0;0.01;0.01;0.9;0.01;1;1;10;0;0;0.02;0;0;0.01;3;161354528;0.8;0;0;75000;0.499709;0.499709;0;0;0.666588;1.3017;1.21882;0;0;8.87708;0.83972;0;0;0;0;-1.8633;0.0504005;0.0504005;0;0;0.00419575;0.0114545;39998.5;0;0;0.436147;0.509853;0;0;0;0;0.223248;0.4625;0.834316;0.844822;0.0245191;0.0221974;0.116663;0.429928;0.202162;0.0857176;0.185598;0.0493208;0.0144228;0.0462622;0;0;0;0;0;0;0;0;0;0;0;0;0;0;0;0;0;0;0;0;0;0;0;0;0;0;0;0;0;0;0;0;0;0;0;0;0.0139337;./sim_cue_integration_27_10_2019_092320_173048583
0;0;0.01;0;0;0;0;0;0;0;0.1;8;0;-1;1;0.01;0.25;0;0;0;1;-10;0.05;0.25;0;0;0.6;0;0.9;0;0;0;0.01;0.01;0.9;0.01;1;1;10;0;0;0.02;0;0;0.01;3;157941167;0.8;0;0;75000;0.486635;0.486635;0;0;0.616322;0.393943;1.73068;0;0;9.00485;2.52574;0;0;0;0;-1.72273;0.0452166;0.0452166;0;0;0.00680748;0.0128038;39997;0;0;0.618279;0.540617;0;0;0;0;0.27733;0.4725;0.847325;0.837067;0.019917;0.0214914;0.129969;0.0452332;0.549108;0.530914;0.365986;0.0717412;0.0661474;0.0456954;0;0;0;0;0;0;0;0;0;0;0;0;0;0;0;0;0;0;0;0;0;0;0;0;0;0;0;0;0;0;0;0;0;0;0;0;0.0109329;./sim_cue_integration_27_10_2019_092320_169974414
0;0;0.01;0;0;0;0;0;0;0;0.1;8;0;-1;1;0.01;0.25;0;0;0;1;-10;0.05;0.25;0;0;0.8;0;0.7;0;0;0;0.01;0.01;0.9;0.01;1;1;10;0;0;0.02;0;0;0.01;3;155961065;0.8;0;0;75000;0.496655;0.496655;0;0;0.717548;1.38551;1.4958;0;0;9.00878;0.861538;0;0;0;0;-1.96766;0.0621172;0.0621172;0;0;0.0033143;0.00864332;39997.8;0;0;0.406413;0.331478;0;0;0;0;0.202414;0.4725;0.847429;0.859706;0.0270517;0.0236333;0.119517;0.484742;0.336514;0.121539;0.318035;0.0886538;0.0301417;0.0798783;0;0;0;0;0;0;0;0;0;0;0;0;0;0;0;0;0;0;0;0;0;0;0;0;0;0;0;0;0;0;0;0;0;0;0;0;0.0150351;./sim_cue_integration_27_10_2019_092320_169402948
0;0;0.01;0;0;0;0;0;0;0;0.1;8;0;-1;1;0.01;0.25;0;0;0;1;-10;0.05;0.25;0;0;0.6;0;0.9;0;0;0;0.01;0.01;0.9;0.01;1;1;10;0;0;0.02;0;0;0.01;3;158465009;0.8;0;0;75000;0.501597;0.501597;0;0;0.574188;0.362083;1.67058;0;0;8.42594;2.5089;0;0;0;0;-1.7464;0.0432911;0.0432911;0;0;0.00548281;0.00850249;39997.2;0;0;1.18859;0.504044;0;0;0;0;0.281712;0.4675;0.837263;0.851376;0.0202462;0.0190895;0.113804;0.0366672;0.533833;0.496677;0.315636;0.0648668;0.0589497;0.0408306;0;0;0;0;0;0;0;0;0;0;0;0;0;0;0;0;0;0;0;0;0;0;0;0;0;0;0;0;0;0;0;0;0;0;0;0;0.0108234;./sim_cue_integration_27_10_2019_092320_170725714
0;0;0.01;0;0;0;0;0;0;0;0.1;8;0;-1;1;0.01;0.25;0;0;0;1;-10;0.05;0.25;0;0;0.8;0;0.7;0;0;0;0.01;0.01;0.9;0.01;1;1;10;0;0;0.02;0;0;0.01;3;155033556;0.8;0;0;75000;0.517757;0.517757;0;0;0.739011;1.4233;1.53847;0;0;8.88838;0.86408;0;0;0;0;-1.96352;0.0640683;0.0640683;0;0;0.00517104;0.00613599;39997.6;0;0;0.639251;0.398606;0;0;0;0;0.193432;0.53;0.84805;0.860581;0.0279091;0.0245717;0.12807;0.508415;0.347538;0.134362;0.335027;0.0981955;0.0247348;0.0959972;0;0;0;0;0;0;0;0;0;0;0;0;0;0;0;0;0;0;0;0;0;0;0;0;0;0;0;0;0;0;0;0;0;0;0;0;0.0115153;./sim_cue_integration_27_10_2019_092320_174326757
0;0;0.01;0;0;0;0;0;0;0;0.1;8;0;-1;1;0.01;0.25;0;0;0;1;-10;0.05;0.25;0;0;0.6;0;0.9;0;0;0;0.01;0.01;0.9;0.01;1;1;10;0;0;0.02;0;0;0.01;3;158017947;0.8;0;0;75000;0.507167;0.507167;0;0;0.581503;0.327031;1.68217;0;0;8.60646;2.53437;0;0;0;0;-1.67317;0.0434034;0.0434034;0;0;0.0050962;0.0120358;39997.2;0;0;0.653984;0.443734;0;0;0;0;0.325899;0.5675;0.845615;0.857394;0.0186571;0.0172062;0.128448;0.0337044;0.529193;0.508431;0.325741;0.0603424;0.0536174;0.0406025;0;0;0;0;0;0;0;0;0;0;0;0;0;0;0;0;0;0;0;0;0;0;0;0;0;0;0;0;0;0;0;0;0;0;0;0;0.0110368;./sim_cue_integration_27_10_2019_092320_180563447
0;0;0.01;0;0;0;0;0;0;0;0.2;8;0;-1;1;0.01;0.25;0;0;0;1;-10;0.05;0.25;0;0;0.8;0;0.7;0;0;0;0.01;0.01;0.9;0.01;1;1;10;0;0;0.02;0;0;0.01;3;186490913;0.8;0;0;75000;0.508783;0.508783;0;0;0.646978;1.22079;1.19175;0;0;8.85836;0.919836;0;0;0;0;-1.83881;0.0484127;0.0484127;0;0;0.00462394;0.0106663;39998.6;0;0;0.50469;0.471674;0;0;0;0;0.24295;0.535;0.844667;0.837342;0.0208855;0.0222859;0.119378;0.376713;0.198809;0.0902864;0.178153;0.0409894;0.0166096;0.0356779;0;0;0;0;0;0;0;0;0;0;0;0;0;0;0;0;0;0;0;0;0;0;0;0;0;0;0;0;0;0;0;0;0;0;0;0;0.0123078;./sim_cue_integration_27_10_2019_092320_197656909
0;0;0.01;0;0;0;0;0;0;0;0.2;8;0;-1;1;0.01;0.25;0;0;0;1;-10;0.05;0.25;0;0;0.8;0;0.7;0;0;0;0.01;0.01;0.9;0.01;1;1;10;0;0;0.02;0;0;0.01;3;186070993;0.8;0;0;75000;0.49773;0.49773;0;0;0.64742;1.30944;1.10083;0;0;8.96594;0.904451;0;0;0;0;-1.85019;0.0502288;0.0502288;0;0;0.00536992;0.011816;39998.8;0;0;0.517759;0.442248;0;0;0;0;0.229174;0.48;0.839131;0.842612;0.0234611;0.0226995;0.118022;0.433139;0.169694;0.0732787;0.158127;0.0511017;0.0176352;0.0450593;0;0;0;0;0;0;0;0;0;0;0;0;0;0;0;0;0;0;0;0;0;0;0;0;0;0;0;0;0;0;0;0;0;0;0;0;0.0162116;./sim_cue_integration_27_10_2019_092320_197733493
0;0;0.01;0;0;0;0;0;0;0;0.2;8;0;-1;1;0.01;0.25;0;0;0;1;-10;0.05;0.25;0;0;0.6;0;0.9;0;0;0;0.01;0.01;0.9;0.01;1;1;10;0;0;0.02;0;0;0.01;3;186061684;0.8;0;0;75000;0.502035;0.502035;0;0;0.477496;0.281644;1.2782;0;0;-1.82936;7.84134;0;0;0;0;-1.55703;0.0314684;0.0314684;0;0;0.0075142;0.00973639;39998.4;0;0;10.6439;1.21135;0;0;0;0;0.347704;0.525;0.829884;0.836813;0.015888;0.0156721;0.100946;0.0248639;0.385243;0.420363;0.0426593;0.032379;0.0337066;-0.0041786;0;0;0;0;0;0;0;0;0;0;0;0;0;0;0;0;0;0;0;0;0;0;0;0;0;0;0;0;0;0;0;0;0;0;0;0;0.00437935;./sim_cue_integration_27_10_2019_092320_197878716
0;0;0.01;0;0;0;0;0;0;0;0.2;8;0;-1;1;0.01;0.25;0;0;0;1;-10;0.05;0.25;0;0;0.6;0;0.9;0;0;0;0.01;0.01;0.9;0.01;1;1;10;0;0;0.02;0;0;0.01;3;187845050;0.8;0;0;75000;0.517479;0.517479;0;0;0.504911;0.286628;1.30411;0;0;-0.684497;8.34298;0;0;0;0;-1.48807;0.0335437;0.0335437;0;0;0.00857491;0.00818348;39998.3;0;0;7.5103;1.0838;0;0;0;0;0.367351;0.4825;0.837146;0.838645;0.015668;0.0160532;0.116894;0.0249595;0.398089;0.434077;0.0304675;0.0379806;0.039527;-0.00179526;0;0;0;0;0;0;0;0;0;0;0;0;0;0;0;0;0;0;0;0;0;0;0;0;0;0;0;0;0;0;0;0;0;0;0;0;0.00592016;./sim_cue_integration_27_10_2019_092320_198243418
0;0;0.01;0;0;0;0;0;0;0;0.2;8;0;-1;1;0.01;0.25;0;0;0;1;-10;0.05;0.25;0;0;0.6;0;0.9;0;0;0;0.01;0.01;0.9;0.01;1;1;10;0;0;0.02;0;0;0.01;3;187619773;0.8;0;0;75000;0.509791;0.509791;0;0;0.541056;0.27937;1.58125;0;0;8.80106;2.55962;0;0;0;0;-1.6538;0.0370911;0.0370911;0;0;0.00403149;0.00812387;39997.5;0;0;0.514479;0.388762;0;0;0;0;0.304643;0.495;0.829793;0.839744;0.0187651;0.017788;0.102152;0.0238038;0.462526;0.455502;0.27132;0.0397962;0.0374975;0.0225519;0;0;0;0;0;0;0;0;0;0;0;0;0;0;0;0;0;0;0;0;0;0;0;0;0;0;0;0;0;0;0;0;0;0;0;0;0.00516067;./sim_cue_integration_27_10_2019_092320_199407825
0;0;0.01;0;0;0;0;0;0;0;0.2;8;0;-1;1;0.01;0.25;0;0;0;1;-10;0.05;0.25;0;0;1;0;0.5;0;0;0;0.01;0.01;0.9;0.01;1;1;10;0;0;0.02;0;0;0.01;3;186192970;0.8;0;0;75000;0.509655;0.509655;0;0;0.653566;2.39109;0.103388;0;0;-0.859488;0.436853;0;0;0;0;-1.84125;0.0761657;0.0761657;0;0;0.00376728;0.0102307;40000;0;0;10.2568;9.25868;0;0;0;0;0.228555;0.5075;0.884592;0.869768;0.0264874;0.0309701;0.11132;1.43414;0.00316213;0.00319323;0.00167507;-0.00110163;-0.00141061;5.74951e-05;0;0;0;0;0;0;0;0;0;0;0;0;0;0;0;0;0;0;0;0;0;0;0;0;0;0;0;0;0;0;0;0;0;0;0;0;-0.00691813;./sim_cue_integration_27_10_2019_092320_199576901
0;0;0.01;0;0;0;0;0;0;0;0.2;8;0;-1;1;0.01;0.25;0;0;0;1;-10;0.05;0.25;0;0;0.8;0;0.7;0;0;0;0.01;0.01;0.9;0.01;1;1;10;0;0;0.02;0;0;0.01;3;186494929;0.8;0;0;75000;0.498346;0.498346;0;0;0.65977;1.25659;1.17546;0;0;8.62339;0.993057;0;0;0;0;-1.84097;0.0488864;0.0488864;0;0;0.00525563;0.00807724;39998.6;0;0;0.668085;0.389854;0;0;0;0;0.224969;0.49;0.835369;0.844167;0.0234222;0.0210879;0.117599;0.399576;0.190801;0.0891608;0.167586;0.0550922;0.0210259;0.0481964;0;0;0;0;0;0;0;0;0;0;0;0;0;0;0;0;0;0;0;0;0;0;0;0;0;0;0;0;0;0;0;0;0;0;0;0;0.0163813;./sim_cue_integration_27_10_2019_092320_199958450
0;0;0.01;0;0;0;0;0;0;0;0.2;8;0;-1;1;0.01;0.25;0;0;0;1;-10;0.05;0.25;0;0;1;0;0.5;0;0;0;0.01;0.01;0.9;0.01;1;1;10;0;0;0.02;0;0;0.01;3;186428838;0.8;0;0;75000;0.509733;0.509733;0;0;0.658529;2.45508;0.0920415;0;0;0.175534;-0.91482;0;0;0;0;-1.84117;0.0789358;0.0789358;0;0;0.00385215;0.0121876;40000;0;0;13.3631;21.8691;0;0;0;0;0.212786;0.5275;0.871686;0.883406;0.0313614;0.0283854;0.106384;1.50177;0.00295684;0.00304114;0.00148641;-0.000230156;-0.00018103;0.000344198;0;0;0;0;0;0;0;0;0;0;0;0;0;0;0;0;0;0;0;0;0;0;0;0;0;0;0;0;0;0;0;0;0;0;0;0;-0.000659447;./sim_cue_integration_27_10_2019_092320_201195336
0;0;0.01;0;0;0;0;0;0;0;0.2;8;0;-1;1;0.01;0.25;0;0;0;1;-10;0.05;0.25;0;0;0.6;0;0.9;0;0;0;0.01;0.01;0.9;0.01;1;1;10;0;0;0.02;0;0;0.01;3;185975343;0.8;0;0;75000;0.506577;0.506577;0;0;0.530116;0.302203;1.54645;0;0;8.14958;2.54152;0;0;0;0;-1.72928;0.0356118;0.0356118;0;0;0.00527586;0.0103531;39997.6;0;0;0.909158;0.526872;0;0;0;0;0.29057;0.5075;0.827717;0.84426;0.0183858;0.0165917;0.0997114;0.0282567;0.437542;0.428036;0.234464;0.0396238;0.0354636;0.0247942;0;0;0;0;0;0;0;0;0;0;0;0;0;0;0;0;0;0;0;0;0;0;0;0;0;0;0;0;0;0;0;0;0;0;0;0;0.00609075;./sim_cue_integration_27_10_2019_092320_200448346
0;0;0.01;0;0;0;0;0;0;0;0.2;8;0;-1;1;0.01;0.25;0;0;0;1;-10;0.05;0.25;0;0;1;0;0.5;0;0;0;0.01;0.01;0.9;0.01;1;1;10;0;0;0.02;0;0;0.01;3;187769232;0.8;0;0;75000;0.52347;0.52347;0;0;0.653011;2.43627;0.102061;0;0;5.54061;-0.624418;0;0;0;0;-1.85913;0.0796886;0.0796886;0;0;0.00371549;0.0112676;40000;0;0;8.45163;6.08009;0;0;0;0;0.223409;0.5225;0.871753;0.870389;0.0317501;0.032359;0.110159;1.48706;0.00288497;0.00263647;0.00251176;-0.0013757;-0.00118742;-0.000436915;0;0;0;0;0;0;0;0;0;0;0;0;0;0;0;0;0;0;0;0;0;0;0;0;0;0;0;0;0;0;0;0;0;0;0;0;0.00796048;./sim_cue_integration_27_10_2019_092320_202167851
